{
    "prc": [
        {
            "precision": 0.019560557341907824,
            "recall": 1.0,
            "threshold": 0.0
        },
        {
            "precision": 0.8,
            "recall": 0.0547945205479452,
            "threshold": 1.0
        }
    ]
}