{
    "avg_prc": 0.062324362419063556,
    "roc_auc": 0.5272606109162246
}