{
    "avg_prc": 0.533721155852538,
    "roc_auc": 0.9601999386013845
}